<?xml version="1.0" encoding="UTF-8"?>
<!DOCTYPE suite SYSTEM "http://testng.org/testng-1.0.dtd">
<suite name="Suite">
  <test name="Test" preserve-order="true">
    <classes>
      <class name="com.thed.zeuihtml.test.bvt.AdminBvts"/>
      <class name="com.thed.zeuihtml.test.bvt.TestRepositoryBvts"/>
      <class name="com.thed.zeuihtml.test.bvt.TestPlanningBvts"/>
      <class name="com.thed.zeuihtml.test.bvt.TestExecutionBvts"/>
      <class name="com.thed.zeuihtml.test.bvt.DefectTrackingBvts"/>
      <class name="com.thed.zeuihtml.test.bvt.MultiJiraBvts"/>
      <class name="com.thed.zeuihtml.test.bvt.RequirementBvts"/>
      <class name="com.thed.zeuihtml.test.bvt.CustomFieldBvts"/>
      <class name="com.thed.zeuihtml.test.bvt.DashboardBvts"/>
      <class name="com.thed.zeuihtml.test.bvt.PaginationBvts"/>
      <class name="com.thed.zeuihtml.test.bvt.NotificationBvts"/>
      <class name="com.thed.zeuihtml.test.bvt.AdminBvts2"/>
      <class name="com.thed.zeuihtml.test.bvt.ZAutomationBvts"/>
      <class name="com.thed.zeuihtml.test.bvt.TestcaseVersioningBvts"/>
      <class name="com.thed.zeuihtml.test.bvt.ProjectRepositoryBvts"/>
      <class name="com.thed.zeuihtml.test.bvt.GlobalRepositoryBvts"/>
      
    </classes>
  </test> <!-- Test -->
</suite> <!-- Suite -->
